<?xml version="1.0" encoding="UTF-8"?>

<ValueSet xmlns="http://hl7.org/fhir">
  <id value="source-classification-values"/>
  <text>
    <status value="generated"/><div xmlns="http://www.w3.org/1999/xhtml"><ul><li>Include all codes defined in <a href="CodeSystem-process-meta-primary-or-secondary.html"><code>http://ibm.com/fhir/cdm/CodeSystem/process-meta-primary-or-secondary</code></a></li></ul></div>
  </text>
  <url value="http://ibm.com/fhir/cdm/ValueSet/source-classification-values"/>
  <version value="0.1.0"/>
  <name value="SourceClassificationValueSet"/>
  <title value="Primary or Secondary Value Set"/>
  <status value="active"/>
  <date value="2021-07-08T15:15:14+00:00"/>
  <contact>
    <name value="Kim Kenna"/>
    <telecom>
      <system value="email"/>
      <value value="sloand@us.ibm.com"/>
    </telecom>
  </contact>
  <contact>
    <name value="Tom Eggebraaten"/>
    <telecom>
      <system value="email"/>
      <value value="tegge@us.ibm.com"/>
    </telecom>
  </contact>
  <description value="Source Classification Value Set"/>
  <compose>
    <include>
      <system value="http://ibm.com/fhir/cdm/CodeSystem/process-meta-primary-or-secondary"/>
    </include>
  </compose>
</ValueSet>