[
  {
    "id": "appointment-cancellation-reason",
    "type": "CodeSystem",
    "url": "http://ibm.com/fhir/cdm/CodeSystem/appointment-cancellation-reason",
    "version": "0.1.0",
    "name": "AppointmentCancellationReasonCodeSystem"
  },
  {
    "id": "identifier-type",
    "type": "CodeSystem",
    "url": "http://ibm.com/fhir/cdm/CodeSystem/identifier-type",
    "version": "0.1.0",
    "name": "IdentifierTypeCodeSystem"
  },
  {
    "id": "process-meta-primary-or-secondary",
    "type": "CodeSystem",
    "url": "http://ibm.com/fhir/cdm/CodeSystem/process-meta-primary-or-secondary",
    "version": "0.1.0",
    "name": "PrimaryOrSecondary"
  },
  {
    "id": "alvearie.fhir.ig",
    "type": "ImplementationGuide",
    "url": "http://ibm.com/fhir/cdm/ImplementationGuide/alvearie.fhir.ig",
    "version": "0.1.0",
    "name": "AlvearieFHIRImplementationGuide"
  },
  {
    "id": "cdm-appointment",
    "type": "StructureDefinition",
    "url": "http://ibm.com/fhir/cdm/StructureDefinition/cdm-appointment",
    "version": "0.1.0",
    "name": "CDMAppointment"
  },
  {
    "id": "ingestion-batch-id",
    "type": "StructureDefinition",
    "url": "http://ibm.com/fhir/cdm/StructureDefinition/ingestion-batch-id",
    "version": "0.1.0",
    "name": "IngestionBatchId"
  },
  {
    "id": "process-client-id",
    "type": "StructureDefinition",
    "url": "http://ibm.com/fhir/cdm/StructureDefinition/process-client-id",
    "version": "0.1.0",
    "name": "ProcessClientId"
  },
  {
    "id": "process-meta",
    "type": "StructureDefinition",
    "url": "http://ibm.com/fhir/cdm/StructureDefinition/process-meta",
    "version": "0.1.0",
    "name": "ProcessMeta"
  },
  {
    "id": "process-name",
    "type": "StructureDefinition",
    "url": "http://ibm.com/fhir/cdm/StructureDefinition/process-name",
    "version": "0.1.0",
    "name": "ProcessName"
  },
  {
    "id": "process-organization",
    "type": "StructureDefinition",
    "url": "http://ibm.com/fhir/cdm/StructureDefinition/process-organization",
    "version": "0.1.0",
    "name": "ProcessOrganization"
  },
  {
    "id": "process-record-id",
    "type": "StructureDefinition",
    "url": "http://ibm.com/fhir/cdm/StructureDefinition/process-record-id",
    "version": "0.1.0",
    "name": "ProcessRecordId"
  },
  {
    "id": "process-timestamp",
    "type": "StructureDefinition",
    "url": "http://ibm.com/fhir/cdm/StructureDefinition/process-timestamp",
    "version": "0.1.0",
    "name": "ProcessTimestamp"
  },
  {
    "id": "process-type",
    "type": "StructureDefinition",
    "url": "http://ibm.com/fhir/cdm/StructureDefinition/process-type",
    "version": "0.1.0",
    "name": "ProcessType"
  },
  {
    "id": "process-version",
    "type": "StructureDefinition",
    "url": "http://ibm.com/fhir/cdm/StructureDefinition/process-version",
    "version": "0.1.0",
    "name": "ProcessVersion"
  },
  {
    "id": "source-data-model-version",
    "type": "StructureDefinition",
    "url": "http://ibm.com/fhir/cdm/StructureDefinition/source-data-model-version",
    "version": "0.1.0",
    "name": "SourceDataModelVersion"
  },
  {
    "id": "source-event-timestamp",
    "type": "StructureDefinition",
    "url": "http://ibm.com/fhir/cdm/StructureDefinition/source-event-timestamp",
    "version": "0.1.0",
    "name": "SourceEventTimestamp"
  },
  {
    "id": "source-event-trigger",
    "type": "StructureDefinition",
    "url": "http://ibm.com/fhir/cdm/StructureDefinition/source-event-trigger",
    "version": "0.1.0",
    "name": "SourceEventTrigger"
  },
  {
    "id": "source-file-id",
    "type": "StructureDefinition",
    "url": "http://ibm.com/fhir/cdm/StructureDefinition/source-file-id",
    "version": "0.1.0",
    "name": "SourceFileId"
  },
  {
    "id": "source-record-id",
    "type": "StructureDefinition",
    "url": "http://ibm.com/fhir/cdm/StructureDefinition/source-record-id",
    "version": "0.1.0",
    "name": "SourceRecordId"
  },
  {
    "id": "source-record-type",
    "type": "StructureDefinition",
    "url": "http://ibm.com/fhir/cdm/StructureDefinition/source-record-type",
    "version": "0.1.0",
    "name": "SourceRecordType"
  },
  {
    "id": "tenant-id",
    "type": "StructureDefinition",
    "url": "http://ibm.com/fhir/cdm/StructureDefinition/tenant-id",
    "version": "0.1.0",
    "name": "TenantId"
  },
  {
    "id": "appointment-cancellation-reason",
    "type": "ValueSet",
    "url": "http://ibm.com/fhir/cdm/ValueSet/appointment-cancellation-reason",
    "version": "0.1.0",
    "name": "AppointmentCancellationReasonValueSet"
  },
  {
    "id": "identifier-type",
    "type": "ValueSet",
    "url": "http://ibm.com/fhir/cdm/ValueSet/identifier-type",
    "version": "0.1.0",
    "name": "IdentifierTypeValueSet"
  },
  {
    "id": "source-classification-values",
    "type": "ValueSet",
    "url": "http://ibm.com/fhir/cdm/ValueSet/source-classification-values",
    "version": "0.1.0",
    "name": "SourceClassificationValueSet"
  }
]