{
  "resourceType": "CodeSystem",
  "id": "appointment-cancellation-reason",
  "text": {
    "status": "generated",
    "div": "<div xmlns=\"http://www.w3.org/1999/xhtml\"><p>This code system http://ibm.com/fhir/cdm/CodeSystem/appointment-cancellation-reason defines the following codes:</p><table class=\"codes\"><tr><td style=\"white-space:nowrap\"><b>Code</b></td><td><b>Display</b></td><td><b>Definition</b></td></tr><tr><td style=\"white-space:nowrap\">deleted<a name=\"appointment-cancellation-reason-deleted\"> </a></td><td>Deleted</td><td>Appointment was either logically deleted or physically deleted</td></tr><tr><td style=\"white-space:nowrap\">rescheduled<a name=\"appointment-cancellation-reason-rescheduled\"> </a></td><td>Rescheduled</td><td>Appointment was rescheduled</td></tr></table></div>"
  },
  "url": "http://ibm.com/fhir/cdm/CodeSystem/appointment-cancellation-reason",
  "version": "0.1.0",
  "name": "AppointmentCancellationReasonCodeSystem",
  "title": "Appointment Cancellation Reason Codes",
  "status": "active",
  "date": "2021-07-08T15:15:14+00:00",
  "contact": [
    {
      "name": "Kim Kenna",
      "telecom": [
        {
          "system": "email",
          "value": "sloand@us.ibm.com"
        }
      ]
    },
    {
      "name": "Tom Eggebraaten",
      "telecom": [
        {
          "system": "email",
          "value": "tegge@us.ibm.com"
        }
      ]
    }
  ],
  "description": "Extended reasons for the cancellation of an appointment",
  "content": "complete",
  "count": 2,
  "concept": [
    {
      "code": "deleted",
      "display": "Deleted",
      "definition": "Appointment was either logically deleted or physically deleted"
    },
    {
      "code": "rescheduled",
      "display": "Rescheduled",
      "definition": "Appointment was rescheduled"
    }
  ]
}