{"resourceType":"ValueSet","id":"appointment-cancellation-reason","text":{"status":"generated","div":"<div xmlns=\"http://www.w3.org/1999/xhtml\"><p>This value set includes codes based on the following rules:</p><ul><li>Include all codes defined in <a href=\"http://terminology.hl7.org/2.1.0/CodeSystem-appointment-cancellation-reason.html\"><code>http://terminology.hl7.org/CodeSystem/appointment-cancellation-reason</code></a></li><li>Include all codes defined in <a href=\"CodeSystem-appointment-cancellation-reason.html\"><code>http://ibm.com/fhir/cdm/CodeSystem/appointment-cancellation-reason</code></a></li></ul></div>"},"url":"http://ibm.com/fhir/cdm/ValueSet/appointment-cancellation-reason","version":"0.1.0","name":"AppointmentCancellationReasonValueSet","title":"Appointment Cancellation Reason Value Set","status":"active","date":"2021-07-16T12:51:43+00:00","contact":[{"name":"Kim Kenna","telecom":[{"system":"email","value":"sloand@us.ibm.com"}]},{"name":"Tom Eggebraaten","telecom":[{"system":"email","value":"tegge@us.ibm.com"}]}],"description":"Extended set of reasons for the cancellation of an appointment","compose":{"include":[{"system":"http://terminology.hl7.org/CodeSystem/appointment-cancellation-reason"},{"system":"http://ibm.com/fhir/cdm/CodeSystem/appointment-cancellation-reason"}]}}